{"mode": "train", "epoch": 1, "iter": 50, "lr": 0.00025, "memory": 3793, "data_time": 0.12455, "loss_rpn_cls": 0.02716, "loss_rpn_bbox": 0.05182, "loss_cls": 0.17361, "acc": 93.84375, "loss_bbox": 0.21406, "loss": 0.46664, "time": 0.37299}
{"mode": "train", "epoch": 1, "iter": 100, "lr": 0.0005, "memory": 3793, "data_time": 0.08296, "loss_rpn_cls": 0.02666, "loss_rpn_bbox": 0.05233, "loss_cls": 0.21506, "acc": 92.48633, "loss_bbox": 0.23923, "loss": 0.53328, "time": 0.20743}
{"mode": "train", "epoch": 1, "iter": 150, "lr": 0.00075, "memory": 3793, "data_time": 0.08258, "loss_rpn_cls": 0.02045, "loss_rpn_bbox": 0.03734, "loss_cls": 0.16775, "acc": 94.375, "loss_bbox": 0.19528, "loss": 0.42082, "time": 0.20481}
{"mode": "train", "epoch": 1, "iter": 200, "lr": 0.001, "memory": 3793, "data_time": 0.0828, "loss_rpn_cls": 0.03172, "loss_rpn_bbox": 0.05551, "loss_cls": 0.19602, "acc": 92.875, "loss_bbox": 0.23409, "loss": 0.51734, "time": 0.20674}
{"mode": "train", "epoch": 1, "iter": 250, "lr": 0.00125, "memory": 3793, "data_time": 0.08141, "loss_rpn_cls": 0.02649, "loss_rpn_bbox": 0.04782, "loss_cls": 0.19883, "acc": 93.20703, "loss_bbox": 0.22147, "loss": 0.4946, "time": 0.20334}
{"mode": "train", "epoch": 1, "iter": 300, "lr": 0.0015, "memory": 3793, "data_time": 0.08154, "loss_rpn_cls": 0.02668, "loss_rpn_bbox": 0.04882, "loss_cls": 0.21833, "acc": 92.15039, "loss_bbox": 0.24413, "loss": 0.53795, "time": 0.20477}
{"mode": "train", "epoch": 1, "iter": 350, "lr": 0.00175, "memory": 3793, "data_time": 0.07986, "loss_rpn_cls": 0.02622, "loss_rpn_bbox": 0.05182, "loss_cls": 0.21692, "acc": 92.94727, "loss_bbox": 0.23755, "loss": 0.53251, "time": 0.20322}
{"mode": "train", "epoch": 1, "iter": 400, "lr": 0.002, "memory": 3793, "data_time": 0.0808, "loss_rpn_cls": 0.03228, "loss_rpn_bbox": 0.05907, "loss_cls": 0.25241, "acc": 91.3125, "loss_bbox": 0.26546, "loss": 0.60922, "time": 0.20362}
{"mode": "train", "epoch": 1, "iter": 450, "lr": 0.00225, "memory": 3793, "data_time": 0.08018, "loss_rpn_cls": 0.02961, "loss_rpn_bbox": 0.05361, "loss_cls": 0.24491, "acc": 91.99805, "loss_bbox": 0.24568, "loss": 0.5738, "time": 0.19937}
{"mode": "train", "epoch": 1, "iter": 500, "lr": 0.0025, "memory": 3793, "data_time": 0.08282, "loss_rpn_cls": 0.03157, "loss_rpn_bbox": 0.05654, "loss_cls": 0.21529, "acc": 92.77539, "loss_bbox": 0.23691, "loss": 0.54032, "time": 0.2052}
{"mode": "train", "epoch": 1, "iter": 550, "lr": 0.0025, "memory": 3793, "data_time": 0.08008, "loss_rpn_cls": 0.04042, "loss_rpn_bbox": 0.06051, "loss_cls": 0.25324, "acc": 91.57617, "loss_bbox": 0.26232, "loss": 0.6165, "time": 0.19945}
{"mode": "train", "epoch": 1, "iter": 600, "lr": 0.0025, "memory": 3793, "data_time": 0.08, "loss_rpn_cls": 0.03773, "loss_rpn_bbox": 0.06003, "loss_cls": 0.23766, "acc": 92.17969, "loss_bbox": 0.23652, "loss": 0.57194, "time": 0.19905}
{"mode": "train", "epoch": 1, "iter": 50, "lr": 0.00025, "memory": 13628, "data_time": 0.35394, "loss_rpn_cls": 0.02223, "loss_rpn_bbox": 0.04762, "loss_cls": 0.19591, "acc": 93.08008, "loss_bbox": 0.23175, "loss": 0.4975, "time": 0.77897}
{"mode": "train", "epoch": 1, "iter": 100, "lr": 0.0005, "memory": 13628, "data_time": 0.32532, "loss_rpn_cls": 0.02579, "loss_rpn_bbox": 0.0493, "loss_cls": 0.19654, "acc": 92.93604, "loss_bbox": 0.23326, "loss": 0.50488, "time": 0.68696}
{"mode": "train", "epoch": 1, "iter": 150, "lr": 0.00075, "memory": 13628, "data_time": 0.316, "loss_rpn_cls": 0.02205, "loss_rpn_bbox": 0.04922, "loss_cls": 0.18121, "acc": 93.43213, "loss_bbox": 0.22136, "loss": 0.47383, "time": 0.67491}
{"mode": "train", "epoch": 1, "iter": 200, "lr": 0.001, "memory": 13628, "data_time": 0.32362, "loss_rpn_cls": 0.02351, "loss_rpn_bbox": 0.04734, "loss_cls": 0.19021, "acc": 93.46484, "loss_bbox": 0.21886, "loss": 0.47993, "time": 0.69443}
{"mode": "train", "epoch": 1, "iter": 250, "lr": 0.00125, "memory": 13628, "data_time": 0.32188, "loss_rpn_cls": 0.02875, "loss_rpn_bbox": 0.05231, "loss_cls": 0.20923, "acc": 92.47461, "loss_bbox": 0.25501, "loss": 0.54529, "time": 0.69365}
{"mode": "train", "epoch": 1, "iter": 300, "lr": 0.0015, "memory": 13628, "data_time": 0.31371, "loss_rpn_cls": 0.02138, "loss_rpn_bbox": 0.04132, "loss_cls": 0.18397, "acc": 93.48535, "loss_bbox": 0.21627, "loss": 0.46294, "time": 0.6728}
{"mode": "train", "epoch": 1, "iter": 350, "lr": 0.00175, "memory": 13628, "data_time": 0.31875, "loss_rpn_cls": 0.02047, "loss_rpn_bbox": 0.04192, "loss_cls": 0.17904, "acc": 93.65576, "loss_bbox": 0.20716, "loss": 0.44859, "time": 0.67575}
{"mode": "train", "epoch": 1, "iter": 400, "lr": 0.002, "memory": 13628, "data_time": 0.31861, "loss_rpn_cls": 0.02431, "loss_rpn_bbox": 0.0505, "loss_cls": 0.20138, "acc": 92.98145, "loss_bbox": 0.2211, "loss": 0.49729, "time": 0.6797}
{"mode": "train", "epoch": 1, "iter": 450, "lr": 0.00225, "memory": 13628, "data_time": 0.31613, "loss_rpn_cls": 0.02265, "loss_rpn_bbox": 0.0462, "loss_cls": 0.18714, "acc": 93.46924, "loss_bbox": 0.21844, "loss": 0.47442, "time": 0.67182}
{"mode": "train", "epoch": 1, "iter": 500, "lr": 0.0025, "memory": 13628, "data_time": 0.32153, "loss_rpn_cls": 0.02059, "loss_rpn_bbox": 0.0461, "loss_cls": 0.18429, "acc": 93.47021, "loss_bbox": 0.21435, "loss": 0.46533, "time": 0.68771}
{"mode": "train", "epoch": 1, "iter": 550, "lr": 0.0025, "memory": 13628, "data_time": 0.32025, "loss_rpn_cls": 0.02368, "loss_rpn_bbox": 0.04765, "loss_cls": 0.19343, "acc": 93.29053, "loss_bbox": 0.23064, "loss": 0.4954, "time": 0.6804}
{"mode": "train", "epoch": 1, "iter": 600, "lr": 0.0025, "memory": 13628, "data_time": 0.32848, "loss_rpn_cls": 0.02283, "loss_rpn_bbox": 0.04624, "loss_cls": 0.18954, "acc": 93.34668, "loss_bbox": 0.21599, "loss": 0.47459, "time": 0.70766}
{"mode": "train", "epoch": 1, "iter": 650, "lr": 0.0025, "memory": 13628, "data_time": 0.32797, "loss_rpn_cls": 0.02697, "loss_rpn_bbox": 0.04855, "loss_cls": 0.20573, "acc": 92.65527, "loss_bbox": 0.23809, "loss": 0.51934, "time": 0.7104}
